B,H,N,V,D,config,total_us,min_round_total_us,max_round_total_us,vocab_us,static_registers,stack_bytes,vocab_dynamic_shared_bytes,vocab_ctas
1,4,65,129,32,paired-reg-t16,23.055,23.04,23.072,10.688,168,0,12544,12
1,4,65,129,32,paired-reg-t32,23.392,23.36,23.392,11.04,168,0,20736,12
1,4,65,129,32,paired-reg-t64,24.447,24.431,24.448,12.063,168,0,41216,12
1,4,65,129,32,single,143.231,143.183,143.246,72.111,,,,
1,4,65,129,32,sym-reg-t16,25.28,25.248,25.28,12.928,168,0,16512,8
1,4,65,129,32,sym-reg-t32,26.304,26.272,26.336,13.952,168,0,16512,8
1,4,65,129,32,sym-reg-t64,27.776,27.76,27.824,15.392,168,32,24704,8
1,4,65,129,32,triton,13.184,13.184,13.216,,,,,
1,4,65,129,64,paired-reg-t16,37.679,37.664,37.68,16.976,168,0,20736,12
1,4,65,129,64,paired-reg-t32,38.607,38.56,38.624,17.872,168,0,33024,12
1,4,65,129,64,paired-reg-t64,41.455,41.441,41.487,20.768,168,8,65792,12
1,4,65,129,64,single,266.717,266.702,266.734,131.456,,,,
1,4,65,129,64,sym-reg-t16,40.83,40.784,40.831,20.159,168,8,32896,8
1,4,65,129,64,sym-reg-t32,42.496,42.447,42.544,21.792,168,32,32896,8
1,4,65,129,64,sym-reg-t64,47.296,47.296,47.328,26.592,168,152,49280,8
1,4,65,129,64,sym-smem-t16,40.576,40.56,40.591,19.872,168,8,45184,8
1,4,65,129,64,sym-smem-t32,42.462,42.432,42.496,21.759,168,24,57472,8
1,4,65,129,64,sym-smem-t64,47.904,47.886,47.92,27.2,168,160,82048,8
1,4,65,129,64,triton,26.016,26.0,26.048,,,,,
1,4,65,129,128,paired-reg-t16,65.903,65.887,65.904,31.104,168,8,37120,12
1,4,65,129,128,paired-reg-t32,68.254,68.192,68.271,33.471,168,8,57600,12
1,4,65,129,128,single,504.126,504.092,504.172,241.598,,,,
1,4,65,129,128,sym-reg-t16,76.078,76.062,76.145,41.311,168,208,65664,8
1,4,65,129,128,sym-reg-t32,80.064,80.032,80.079,45.28,168,248,65664,8
1,4,65,129,128,sym-reg-t64,88.863,88.847,88.894,54.048,168,440,98432,8
1,4,65,129,128,triton,45.376,45.375,45.408,,,,,
1,4,1024,1024,32,paired-reg-t16,82.017,81.967,82.048,55.921,168,0,12544,64
1,4,1024,1024,32,paired-reg-t32,76.559,76.432,76.896,50.495,168,0,20736,64
1,4,1024,1024,32,paired-reg-t64,75.28,75.216,75.567,49.231,168,0,41216,64
1,4,1024,1024,32,single,1260.602,1260.553,1262.728,808.108,,,,
1,4,1024,1024,32,sym-reg-t16,108.704,108.704,108.894,82.656,168,0,16512,32
1,4,1024,1024,32,sym-reg-t32,103.727,103.695,104.159,77.663,168,0,16512,32
1,4,1024,1024,32,sym-reg-t64,107.103,107.086,107.487,80.991,168,32,24704,32
1,4,1024,1024,32,triton,98.592,90.702,106.96,,,,,
1,4,1024,1024,64,paired-reg-t16,111.935,111.887,111.983,68.671,168,0,20736,64
1,4,1024,1024,64,paired-reg-t32,109.584,109.551,109.647,66.351,168,0,33024,64
1,4,1024,1024,64,paired-reg-t64,109.759,109.679,109.839,66.495,168,8,65792,64
1,4,1024,1024,64,single,2417.924,2417.713,2418.179,1528.2,,,,
1,4,1024,1024,64,sym-reg-t16,147.407,147.328,147.486,104.175,168,8,32896,32
1,4,1024,1024,64,sym-reg-t32,148.222,148.175,148.287,104.943,168,32,32896,32
1,4,1024,1024,64,sym-reg-t64,187.599,187.167,188.159,144.303,168,152,49280,32
1,4,1024,1024,64,sym-smem-t16,145.087,145.007,145.136,101.871,168,8,45184,32
1,4,1024,1024,64,sym-smem-t32,149.295,149.246,149.36,106.031,168,24,57472,32
1,4,1024,1024,64,sym-smem-t64,176.88,176.879,176.926,133.664,168,160,82048,32
1,4,1024,1024,64,triton,169.36,169.054,169.758,,,,,
1,4,1024,1024,128,paired-reg-t16,191.823,191.742,192.367,109.632,168,8,37120,64
1,4,1024,1024,128,paired-reg-t32,187.696,187.678,187.742,105.534,168,8,57600,64
1,4,1024,1024,128,single,4774.503,4773.013,4778.419,2980.64,,,,
1,4,1024,1024,128,sym-reg-t16,298.302,298.239,298.412,216.207,168,208,65664,32
1,4,1024,1024,128,sym-reg-t32,307.125,307.119,307.39,225.048,168,248,65664,32
1,4,1024,1024,128,sym-reg-t64,320.205,320.158,320.366,238.254,168,440,98432,32
1,4,1024,1024,128,triton,297.294,297.151,298.541,,,,,
1,4,4096,64,32,paired-reg-t16,214.143,214.142,214.223,196.415,168,0,12544,4
1,4,4096,64,32,paired-reg-t32,194.254,194.222,194.303,176.51,168,0,20736,4
1,4,4096,64,32,paired-reg-t64,189.311,189.31,189.423,171.583,168,0,41216,4
1,4,4096,64,32,single,3243.055,3242.816,3559.725,3202.223,,,,
1,4,4096,64,32,sym-reg-t16,318.319,317.103,319.166,300.575,168,0,16512,4
1,4,4096,64,32,sym-reg-t32,299.872,299.743,299.95,282.143,168,0,16512,4
1,4,4096,64,32,sym-reg-t64,309.997,309.741,310.095,292.254,168,32,24704,4
1,4,4096,64,32,triton,200.447,200.367,200.495,,,,,
1,4,4096,64,64,paired-reg-t16,262.286,262.159,262.381,235.086,168,0,20736,4
1,4,4096,64,64,paired-reg-t32,254.175,254.125,254.27,226.943,168,0,33024,4
1,4,4096,64,64,paired-reg-t64,253.951,253.903,254.015,226.735,168,8,65792,4
1,4,4096,64,64,single,6194.047,6192.959,6661.646,6060.64,,,,
1,4,4096,64,64,sym-reg-t16,398.11,397.982,398.462,370.91,168,8,32896,4
1,4,4096,64,64,sym-reg-t32,396.894,396.877,396.989,369.662,168,32,32896,4
1,4,4096,64,64,sym-reg-t64,541.373,540.829,542.412,514.173,168,152,49280,4
1,4,4096,64,64,sym-smem-t16,390.093,389.935,390.191,362.861,168,8,45184,4
1,4,4096,64,64,sym-smem-t32,403.518,403.151,403.615,376.286,168,24,57472,4
1,4,4096,64,64,sym-smem-t64,497.325,496.542,497.421,470.078,168,160,82048,4
1,4,4096,64,64,triton,487.741,487.453,488.03,,,,,
1,4,4096,64,128,paired-reg-t16,420.302,420.11,421.101,369.55,168,8,37120,4
1,4,4096,64,128,paired-reg-t32,407.486,407.115,407.709,356.622,168,8,57600,4
1,4,4096,64,128,single,12079.984,12079.249,13516.073,11818.097,,,,
1,4,4096,64,128,sym-reg-t16,813.436,812.091,821.356,762.557,168,208,65664,4
1,4,4096,64,128,sym-reg-t32,847.915,846.329,849.691,797.163,168,248,65664,4
1,4,4096,64,128,sym-reg-t64,891.578,891.498,891.804,840.89,168,440,98432,4
1,4,4096,64,128,triton,696.636,695.068,697.484,,,,,
1,4,4096,1024,32,paired-reg-t16,252.942,252.908,252.959,201.583,168,0,12544,64
1,4,4096,1024,32,paired-reg-t32,231.823,231.822,231.871,180.495,168,0,20736,64
1,4,4096,1024,32,paired-reg-t64,226.989,226.942,227.006,175.631,168,0,41216,64
1,4,4096,1024,32,single,3660.302,3659.884,4084.617,3199.888,,,,
1,4,4096,1024,32,sym-reg-t16,359.181,358.621,359.839,307.838,168,0,16512,32
1,4,4096,1024,32,sym-reg-t32,338.27,338.238,338.27,286.879,168,0,16512,32
1,4,4096,1024,32,sym-reg-t64,350.846,350.734,350.878,299.486,168,32,24704,32
1,4,4096,1024,32,triton,361.149,356.702,363.023,,,,,
1,4,4096,1024,64,paired-reg-t16,324.398,324.398,324.526,239.71,168,0,20736,64
1,4,4096,1024,64,paired-reg-t32,316.047,316.03,316.334,231.407,168,0,33024,64
1,4,4096,1024,64,paired-reg-t64,316.128,316.095,316.255,231.44,168,8,65792,64
1,4,4096,1024,64,single,8425.733,7711.316,8591.379,6774.061,,,,
1,4,4096,1024,64,sym-reg-t16,463.085,462.845,463.597,378.189,168,8,32896,32
1,4,4096,1024,64,sym-reg-t32,464.782,464.589,465.213,379.886,168,32,32896,32
1,4,4096,1024,64,sym-reg-t64,615.388,614.333,615.388,530.365,168,152,49280,32
1,4,4096,1024,64,sym-smem-t16,454.399,454.365,454.942,369.535,168,8,45184,32
1,4,4096,1024,64,sym-smem-t32,470.092,470.03,470.395,385.101,168,24,57472,32
1,4,4096,1024,64,sym-smem-t64,570.99,570.972,571.933,486.158,168,160,82048,32
1,4,4096,1024,64,triton,570.253,569.678,570.811,,,,,
1,4,4096,1024,128,paired-reg-t16,544.38,544.316,545.215,380.797,168,8,37120,64
1,4,4096,1024,128,paired-reg-t32,526.397,526.108,526.492,362.685,168,8,57600,64
1,4,4096,1024,128,single,15158.627,15156.48,16778.568,11825.762,,,,
1,4,4096,1024,128,sym-reg-t16,965.675,964.426,968.203,801.308,168,208,65664,32
1,4,4096,1024,128,sym-reg-t32,984.043,983.611,985.019,819.74,168,248,65664,32
1,4,4096,1024,128,sym-reg-t64,1029.514,1028.394,1030.089,865.355,168,440,98432,32
1,4,4096,1024,128,triton,935.034,926.57,937.291,,,,,
1,8,1024,8192,32,paired-reg-t16,508.748,508.54,509.069,353.342,168,0,12544,1024
1,8,1024,8192,32,paired-reg-t32,479.996,478.285,480.924,323.981,168,0,20736,1024
1,8,1024,8192,32,paired-reg-t64,470.188,470.187,470.685,314.828,168,0,41216,1024
1,8,1024,8192,32,single,6989.736,6986.281,7783.779,3445.42,,,,
1,8,1024,8192,32,sym-reg-t16,459.66,458.172,459.853,303.005,168,0,16512,512
1,8,1024,8192,32,sym-reg-t32,451.581,451.148,453.245,295.502,168,0,16512,512
1,8,1024,8192,32,sym-reg-t64,462.158,460.828,462.183,305.391,168,32,24704,512
1,8,1024,8192,32,triton,582.555,574.138,583.245,,,,,
1,8,1024,8192,64,paired-reg-t16,714.779,713.21,714.986,453.661,168,0,20736,1024
1,8,1024,8192,64,paired-reg-t32,693.788,693.613,694.923,432.925,168,0,33024,1024
1,8,1024,8192,64,paired-reg-t64,702.027,698.604,703.004,440.749,168,8,65792,1024
1,8,1024,8192,64,single,19100.292,19098.585,19101.058,12122.764,,,,
1,8,1024,8192,64,sym-reg-t16,674.828,672.8,675.373,412.109,168,8,32896,512
1,8,1024,8192,64,sym-reg-t32,665.292,662.892,665.998,402.878,168,32,32896,512
1,8,1024,8192,64,sym-reg-t64,802.776,801.691,803.052,539.051,168,152,49280,512
1,8,1024,8192,64,sym-smem-t16,667.037,666.603,667.115,404.718,168,8,45184,512
1,8,1024,8192,64,sym-smem-t32,670.94,670.678,671.597,408.557,168,24,57472,512
1,8,1024,8192,64,sym-smem-t64,764.955,763.931,768.812,501.997,168,160,82048,512
1,8,1024,8192,64,triton,1271.816,1271.8,1272.393,,,,,
1,8,1024,8192,128,paired-reg-t16,1298.025,1297.129,1298.328,770.924,168,8,37120,1024
1,8,1024,8192,128,paired-reg-t32,1276.424,1275.962,1276.872,749.356,168,8,57600,1024
1,8,1024,8192,128,single,38681.458,38636.208,38702.683,24538.301,,,,
1,8,1024,8192,128,sym-reg-t16,1441.001,1439.593,1442.698,915.515,168,208,65664,512
1,8,1024,8192,128,sym-reg-t32,1435.591,1435.383,1437.175,909.962,168,248,65664,512
1,8,1024,8192,128,sym-reg-t64,1507.417,1507.366,1509.655,980.219,168,440,98432,512
1,8,1024,8192,128,triton,2442.21,2432.803,2448.721,,,,,
1,32,1024,1024,32,paired-reg-t16,303.518,303.101,304.255,203.95,168,0,12544,512
1,32,1024,1024,32,paired-reg-t32,286.046,285.311,286.317,186.367,168,0,20736,512
1,32,1024,1024,32,paired-reg-t64,281.037,280.911,281.598,181.534,168,0,41216,512
1,32,1024,1024,32,single,2904.545,2897.936,2986.514,2068.694,,,,
1,32,1024,1024,32,sym-reg-t16,258.911,258.815,259.567,159.519,168,0,16512,256
1,32,1024,1024,32,sym-reg-t32,251.711,251.198,251.774,151.999,168,0,16512,256
1,32,1024,1024,32,sym-reg-t64,257.486,256.863,257.981,157.743,168,32,24704,256
1,32,1024,1024,32,triton,244.27,242.798,244.75,,,,,
1,32,1024,1024,64,paired-reg-t16,425.757,425.533,426.349,259.791,168,0,20736,512
1,32,1024,1024,64,paired-reg-t32,413.518,413.39,413.677,247.647,168,0,33024,512
1,32,1024,1024,64,paired-reg-t64,416.158,415.757,417.614,250.894,168,8,65792,512
1,32,1024,1024,64,single,9524.125,9523.837,10665.366,6504.013,,,,
1,32,1024,1024,64,sym-reg-t16,373.934,372.431,374.014,208.399,168,8,32896,256
1,32,1024,1024,64,sym-reg-t32,372.029,371.886,372.259,206.574,168,32,32896,256
1,32,1024,1024,64,sym-reg-t64,448.909,448.027,449.341,282.878,168,152,49280,256
1,32,1024,1024,64,sym-smem-t16,370.078,368.575,370.336,204.783,168,8,45184,256
1,32,1024,1024,64,sym-smem-t32,375.133,373.918,375.557,209.71,168,24,57472,256
1,32,1024,1024,64,sym-smem-t64,430.462,430.076,430.685,264.847,168,160,82048,256
1,32,1024,1024,64,triton,608.315,604.778,609.708,,,,,
1,32,1024,1024,128,paired-reg-t16,768.94,768.684,769.084,423.934,168,8,37120,512
1,32,1024,1024,128,paired-reg-t32,758.428,758.412,758.7,413.694,168,8,57600,512
1,32,1024,1024,128,single,18807.901,18787.454,27612.718,12669.549,,,,
1,32,1024,1024,128,sym-reg-t16,821.725,821.243,821.9,472.974,168,208,65664,256
1,32,1024,1024,128,sym-reg-t32,812.779,811.437,814.284,459.165,168,248,65664,256
1,32,1024,1024,128,sym-reg-t64,870.394,870.331,870.699,517.053,168,440,98432,256
1,32,1024,1024,128,triton,1114.138,1111.386,1115.099,,,,,
2,4,1025,257,32,paired-reg-t16,123.055,122.927,123.07,107.247,168,0,12544,20
2,4,1025,257,32,paired-reg-t32,114.703,114.672,114.704,98.912,168,0,20736,20
2,4,1025,257,32,paired-reg-t64,115.471,115.455,115.488,99.663,168,0,41216,20
2,4,1025,257,32,single,1758.536,1757.847,1758.965,1630.824,,,,
2,4,1025,257,32,sym-reg-t16,182.079,182.031,182.143,166.303,168,0,16512,12
2,4,1025,257,32,sym-reg-t32,179.583,179.41,179.758,163.807,168,0,16512,12
2,4,1025,257,32,sym-reg-t64,177.422,177.392,177.567,161.614,168,32,24704,12
2,4,1025,257,32,triton,198.11,198.095,198.303,,,,,
2,4,1025,257,64,paired-reg-t16,157.583,157.551,157.615,131.727,168,0,20736,20
2,4,1025,257,64,paired-reg-t32,156.91,156.895,157.087,131.071,168,0,33024,20
2,4,1025,257,64,paired-reg-t64,164.783,164.607,164.815,138.927,168,8,65792,20
2,4,1025,257,64,single,3320.704,3320.477,3588.141,3074.782,,,,
2,4,1025,257,64,sym-reg-t16,236.302,236.19,236.399,210.478,168,8,32896,12
2,4,1025,257,64,sym-reg-t32,243.567,243.47,243.934,217.743,168,32,32896,12
2,4,1025,257,64,sym-reg-t64,310.173,309.038,310.447,284.349,168,152,49280,12
2,4,1025,257,64,sym-smem-t16,228.398,228.303,228.398,202.543,168,8,45184,12
2,4,1025,257,64,sym-smem-t32,240.912,240.575,241.134,215.087,168,24,57472,12
2,4,1025,257,64,sym-smem-t64,291.135,291.087,291.247,265.327,168,160,82048,12
2,4,1025,257,64,triton,278.206,277.95,279.118,,,,,
2,4,1025,257,128,paired-reg-t16,252.542,251.662,252.671,207.103,168,8,37120,20
2,4,1025,257,128,paired-reg-t32,253.776,253.581,253.918,208.399,168,8,57600,20
2,4,1025,257,128,single,6462.607,6460.91,7330.472,5977.184,,,,
2,4,1025,257,128,sym-reg-t16,462.094,461.404,462.238,416.782,168,208,65664,12
2,4,1025,257,128,sym-reg-t32,487.102,487.053,487.213,441.789,168,248,65664,12
2,4,1025,257,128,sym-reg-t64,517.837,517.724,518.044,472.605,168,440,98432,12
2,4,1025,257,128,triton,406.525,400.333,409.357,,,,,
